,기준년코드,기준분기코드,행정동코드,행정동코드명,임대시세층구분코드,임대시세층구분명,보증금평균,월임대료평균,환산임대료평균,임대건수
0,2021,1,11620685,신사동,2,1층외,1234790.0,63556.0,75904.0,52.0
1,2021,1,11620685,신사동,1,1층,1616405.0,105569.0,121733.0,103.0
2,2021,1,11620685,신사동,0,전체층,1488379.0,91474.0,106358.0,155.0
3,2021,1,11680510,신사동,2,1층외,1461958.0,90591.0,105211.0,362.0
4,2021,1,11680510,신사동,1,1층,2326455.0,159796.0,183061.0,215.0
5,2021,1,11680510,신사동,0,전체층,1784084.0,116378.0,134219.0,577.0
6,2021,1,11680521,논현1동,2,1층외,1286000.0,95088.0,107948.0,369.0
7,2021,1,11680521,논현1동,1,1층,2114572.0,145641.0,166787.0,258.0
8,2021,1,11680521,논현1동,0,전체층,1626944.0,115890.0,132159.0,627.0
9,2021,1,11680531,논현2동,2,1층외,1137597.0,111410.0,122786.0,396.0
10,2021,1,11680531,논현2동,1,1층,1706544.0,122125.0,139190.0,207.0
11,2021,1,11680531,논현2동,0,전체층,1332907.0,115088.0,128417.0,603.0
12,2021,1,11680545,압구정동,2,1층외,2003467.0,79600.0,99635.0,322.0
13,2021,1,11680545,압구정동,1,1층,3120501.0,175683.0,206888.0,185.0
14,2021,1,11680545,압구정동,0,전체층,2411063.0,114660.0,138771.0,507.0
15,2021,1,11680565,청담동,2,1층외,1432667.0,107052.0,121379.0,385.0
16,2021,1,11680565,청담동,1,1층,2198610.0,149216.0,171203.0,165.0
17,2021,1,11680565,청담동,0,전체층,1662450.0,119702.0,136326.0,550.0
18,2021,1,11680580,삼성1동,2,1층외,2244575.0,154102.0,176548.0,247.0
19,2021,1,11680580,삼성1동,1,1층,2321001.0,147191.0,170401.0,116.0
20,2021,1,11680580,삼성1동,0,전체층,2268998.0,151894.0,174584.0,363.0
21,2021,1,11680590,삼성2동,2,1층외,1221552.0,104199.0,116414.0,237.0
22,2021,1,11680590,삼성2동,1,1층,2114968.0,151932.0,173082.0,162.0
23,2021,1,11680590,삼성2동,0,전체층,1584292.0,123579.0,139422.0,399.0
24,2021,1,11680600,대치1동,2,1층외,2143009.0,100728.0,122158.0,81.0
25,2021,1,11680600,대치1동,1,1층,4258203.0,232417.0,274999.0,45.0
26,2021,1,11680600,대치1동,0,전체층,2898435.0,147760.0,176744.0,126.0
27,2021,1,11680610,대치2동,2,1층외,1577866.0,107708.0,123487.0,219.0
28,2021,1,11680610,대치2동,1,1층,2446489.0,150042.0,174507.0,138.0
29,2021,1,11680610,대치2동,0,전체층,1913636.0,124072.0,143209.0,357.0
30,2021,1,11680630,대치4동,2,1층외,1692489.0,89562.0,106487.0,357.0
31,2021,1,11680630,대치4동,1,1층,3649027.0,171113.0,207603.0,195.0
32,2021,1,11680630,대치4동,0,전체층,2383657.0,118371.0,142207.0,552.0
33,2021,1,11680640,역삼1동,2,1층외,1124783.0,113835.0,125083.0,896.0
34,2021,1,11680640,역삼1동,1,1층,2027878.0,146428.0,166707.0,455.0
35,2021,1,11680640,역삼1동,0,전체층,1428934.0,124812.0,139102.0,1351.0
36,2021,1,11680650,역삼2동,2,1층외,1547275.0,107890.0,123363.0,245.0
37,2021,1,11680650,역삼2동,1,1층,2376814.0,153565.0,177333.0,131.0
38,2021,1,11680650,역삼2동,0,전체층,1836290.0,123803.0,142166.0,376.0
39,2021,1,11680655,도곡1동,2,1층외,986795.0,86228.0,96096.0,94.0
40,2021,1,11680655,도곡1동,1,1층,2286455.0,149108.0,171972.0,62.0
41,2021,1,11680655,도곡1동,0,전체층,1503327.0,111219.0,126252.0,156.0
42,2021,1,11680656,도곡2동,2,1층외,1750816.0,101215.0,118723.0,121.0
43,2021,1,11680656,도곡2동,1,1층,2656304.0,161973.0,188536.0,78.0
44,2021,1,11680656,도곡2동,0,전체층,2105731.0,125030.0,146087.0,199.0
45,2021,1,11680660,개포1동,2,1층외,3001012.0,50661.0,80672.0,7.0
46,2021,1,11680660,개포1동,1,1층,0.0,0.0,0.0,2.0
47,2021,1,11680660,개포1동,0,전체층,0.0,0.0,0.0,9.0
48,2021,1,11680670,개포2동,2,1층외,1299651.0,81380.0,94377.0,42.0
49,2021,1,11680670,개포2동,1,1층,3383800.0,138594.0,172432.0,53.0
50,2021,1,11680670,개포2동,0,전체층,2462387.0,113300.0,137923.0,95.0
51,2021,1,11680690,개포4동,2,1층외,1517260.0,59021.0,74193.0,122.0
52,2021,1,11680690,개포4동,1,1층,1393435.0,80685.0,94619.0,92.0
53,2021,1,11680690,개포4동,0,전체층,1464026.0,68334.0,82974.0,214.0
54,2021,1,11680700,세곡동,2,1층외,2395797.0,67084.0,91042.0,99.0
55,2021,1,11680700,세곡동,1,1층,2670436.0,154215.0,180920.0,64.0
56,2021,1,11680700,세곡동,0,전체층,2503630.0,101295.0,126331.0,163.0
57,2021,1,11680720,일원본동,2,1층외,2401295.0,81145.0,105158.0,30.0
58,2021,1,11680720,일원본동,1,1층,3206937.0,160705.0,192774.0,28.0
59,2021,1,11680720,일원본동,0,전체층,2790225.0,119553.0,147455.0,58.0
60,2021,1,11680730,일원1동,2,1층외,970701.0,38197.0,47904.0,51.0
61,2021,1,11680730,일원1동,1,1층,1955499.0,108990.0,128545.0,83.0
62,2021,1,11680730,일원1동,0,전체층,1580688.0,82047.0,97853.0,134.0
63,2021,1,11680740,일원2동,2,1층외,3702710.0,65742.0,102769.0,34.0
64,2021,1,11680740,일원2동,1,1층,4116157.0,106678.0,147840.0,6.0
65,2021,1,11680740,일원2동,0,전체층,3764727.0,71883.0,109530.0,40.0
66,2021,1,11680750,수서동,2,1층외,1308246.0,87883.0,100965.0,66.0
67,2021,1,11680750,수서동,1,1층,3164022.0,133382.0,165022.0,33.0
68,2021,1,11680750,수서동,0,전체층,1926838.0,103049.0,122317.0,99.0
69,2021,2,11620685,신사동,0,전체층,1344580.0,86264.0,99710.0,147.0
70,2021,2,11620685,신사동,1,1층,1414341.0,98202.0,112346.0,99.0
71,2021,2,11620685,신사동,2,1층외,1200697.0,61642.0,73649.0,48.0
72,2021,2,11680510,신사동,0,전체층,1771788.0,121074.0,138792.0,319.0
73,2021,2,11680510,신사동,1,1층,2422802.0,161792.0,186020.0,127.0
74,2021,2,11680510,신사동,2,1층외,1341169.0,94141.0,107552.0,192.0
75,2021,2,11680521,논현1동,0,전체층,1643049.0,122978.0,139408.0,367.0
76,2021,2,11680521,논현1동,1,1층,2152632.0,146993.0,168519.0,150.0
77,2021,2,11680521,논현1동,2,1층외,1290802.0,106377.0,119285.0,217.0
78,2021,2,11680531,논현2동,0,전체층,1249219.0,125905.0,138397.0,355.0
79,2021,2,11680531,논현2동,1,1층,1705556.0,125488.0,142544.0,130.0
80,2021,2,11680531,논현2동,2,1층외,985557.0,126146.0,136002.0,225.0
81,2021,2,11680545,압구정동,0,전체층,2353032.0,119054.0,142584.0,283.0
82,2021,2,11680545,압구정동,1,1층,3198257.0,173238.0,205221.0,118.0
83,2021,2,11680545,압구정동,2,1층외,1748568.0,80304.0,97790.0,165.0
84,2021,2,11680565,청담동,0,전체층,1724281.0,126690.0,143933.0,295.0
85,2021,2,11680565,청담동,1,1층,2007258.0,165238.0,185310.0,97.0
86,2021,2,11680565,청담동,2,1층외,1585651.0,107806.0,123662.0,198.0
87,2021,2,11680580,삼성1동,0,전체층,2504341.0,187266.0,212309.0,183.0
88,2021,2,11680580,삼성1동,1,1층,1893137.0,133203.0,152134.0,55.0
89,2021,2,11680580,삼성1동,2,1층외,2766968.0,210496.0,238166.0,128.0
90,2021,2,11680590,삼성2동,0,전체층,1621715.0,111627.0,127844.0,234.0
91,2021,2,11680590,삼성2동,1,1층,2128661.0,140956.0,162242.0,90.0
92,2021,2,11680590,삼성2동,2,1층외,1304874.0,93296.0,106345.0,144.0
93,2021,2,11680600,대치1동,0,전체층,3425873.0,144129.0,178387.0,84.0
94,2021,2,11680600,대치1동,1,1층,4276483.0,209392.0,252157.0,32.0
95,2021,2,11680600,대치1동,2,1층외,2902422.0,103966.0,132991.0,52.0
96,2021,2,11680610,대치2동,0,전체층,1698679.0,136210.0,153197.0,237.0
97,2021,2,11680610,대치2동,1,1층,2472893.0,171847.0,196576.0,95.0
98,2021,2,11680610,대치2동,2,1층외,1180719.0,112368.0,124175.0,142.0
99,2021,2,11680630,대치4동,0,전체층,2646184.0,119566.0,146027.0,310.0
100,2021,2,11680630,대치4동,1,1층,3763377.0,166860.0,204493.0,110.0
101,2021,2,11680630,대치4동,2,1층외,2031728.0,93554.0,113871.0,200.0
102,2021,2,11680640,역삼1동,0,전체층,1494198.0,132773.0,147715.0,802.0
103,2021,2,11680640,역삼1동,1,1층,1953803.0,141900.0,161438.0,293.0
104,2021,2,11680640,역삼1동,2,1층외,1229631.0,127519.0,139815.0,509.0
105,2021,2,11680650,역삼2동,0,전체층,1706571.0,130866.0,147932.0,240.0
106,2021,2,11680650,역삼2동,1,1층,2198659.0,157119.0,179105.0,89.0
107,2021,2,11680650,역삼2동,2,1층외,1416533.0,115393.0,129558.0,151.0
108,2021,2,11680655,도곡1동,0,전체층,1451777.0,108846.0,123364.0,89.0
109,2021,2,11680655,도곡1동,1,1층,2068087.0,136888.0,157569.0,41.0
110,2021,2,11680655,도곡1동,2,1층외,925345.0,84893.0,94146.0,48.0
111,2021,2,11680656,도곡2동,0,전체층,1829095.0,126658.0,144949.0,118.0
112,2021,2,11680656,도곡2동,1,1층,2275734.0,148333.0,171091.0,49.0
113,2021,2,11680656,도곡2동,2,1층외,1511916.0,111265.0,126384.0,69.0
114,2021,2,11680660,개포1동,0,전체층,0.0,0.0,0.0,10.0
115,2021,2,11680660,개포1동,1,1층,0.0,0.0,0.0,2.0
116,2021,2,11680660,개포1동,2,1층외,1591396.0,60153.0,76067.0,8.0
117,2021,2,11680670,개포2동,0,전체층,2791819.0,117696.0,145614.0,59.0
118,2021,2,11680670,개포2동,1,1층,2578919.0,159714.0,185503.0,25.0
119,2021,2,11680670,개포2동,2,1층외,2948364.0,86801.0,116284.0,34.0
120,2021,2,11680690,개포4동,0,전체층,1618149.0,76910.0,93091.0,114.0
121,2021,2,11680690,개포4동,1,1층,1239789.0,85730.0,98128.0,49.0
122,2021,2,11680690,개포4동,2,1층외,1903375.0,70260.0,89294.0,65.0
123,2021,2,11680700,세곡동,0,전체층,3144171.0,117811.0,149252.0,120.0
124,2021,2,11680700,세곡동,1,1층,2967311.0,162200.0,191873.0,58.0
125,2021,2,11680700,세곡동,2,1층외,3309620.0,76285.0,109381.0,62.0
126,2021,2,11680720,일원본동,0,전체층,2777358.0,107600.0,135374.0,30.0
127,2021,2,11680720,일원본동,1,1층,2522203.0,163432.0,188654.0,11.0
128,2021,2,11680720,일원본동,2,1층외,2925080.0,75276.0,104527.0,19.0
129,2021,2,11680730,일원1동,0,전체층,1461519.0,79166.0,93781.0,76.0
130,2021,2,11680730,일원1동,1,1층,1805870.0,105426.0,123485.0,46.0
131,2021,2,11680730,일원1동,2,1층외,933514.0,38900.0,48235.0,30.0
132,2021,2,11680740,일원2동,0,전체층,2197009.0,97393.0,119363.0,24.0
133,2021,2,11680740,일원2동,1,1층,3766312.0,184518.0,222181.0,6.0
134,2021,2,11680740,일원2동,2,1층외,1673908.0,68352.0,85091.0,18.0
135,2021,2,11680750,수서동,0,전체층,1726195.0,123241.0,140503.0,50.0
136,2021,2,11680750,수서동,1,1층,2131146.0,156602.0,177913.0,22.0
137,2021,2,11680750,수서동,2,1층외,1408020.0,97029.0,111109.0,28.0
138,2021,3,11620685,신사동,0,전체층,1464972.0,81901.0,96551.0,222.0
139,2021,3,11620685,신사동,1,1층,1425787.0,94713.0,108971.0,150.0
140,2021,3,11620685,신사동,2,1층외,1546609.0,55209.0,70675.0,72.0
141,2021,3,11680510,신사동,0,전체층,1944114.0,114441.0,133882.0,649.0
142,2021,3,11680510,신사동,1,1층,2615919.0,159374.0,185533.0,231.0
143,2021,3,11680510,신사동,2,1층외,1572853.0,89610.0,105338.0,418.0
144,2021,3,11680521,논현1동,0,전체층,1744453.0,114566.0,132011.0,738.0
145,2021,3,11680521,논현1동,1,1층,2128476.0,142686.0,163971.0,293.0
146,2021,3,11680521,논현1동,2,1층외,1491603.0,96052.0,110968.0,445.0
147,2021,3,11680531,논현2동,0,전체층,1344922.0,117479.0,130929.0,731.0
148,2021,3,11680531,논현2동,1,1층,1791745.0,129573.0,147491.0,257.0
149,2021,3,11680531,논현2동,2,1층외,1102658.0,110922.0,121949.0,474.0
150,2021,3,11680545,압구정동,0,전체층,2420977.0,123011.0,147221.0,576.0
151,2021,3,11680545,압구정동,1,1층,3381369.0,181352.0,215166.0,235.0
152,2021,3,11680545,압구정동,2,1층외,1759123.0,82805.0,100396.0,341.0
153,2021,3,11680565,청담동,0,전체층,1792899.0,121096.0,139025.0,595.0
154,2021,3,11680565,청담동,1,1층,2140914.0,162832.0,184241.0,182.0
155,2021,3,11680565,청담동,2,1층외,1639536.0,102704.0,119099.0,413.0
156,2021,3,11680580,삼성1동,0,전체층,2124451.0,186599.0,207844.0,396.0
157,2021,3,11680580,삼성1동,1,1층,1945325.0,145659.0,165112.0,108.0
158,2021,3,11680580,삼성1동,2,1층외,2191623.0,201952.0,223868.0,288.0
159,2021,3,11680590,삼성2동,0,전체층,2035252.0,120959.0,141311.0,483.0
160,2021,3,11680590,삼성2동,1,1층,2378833.0,149006.0,172794.0,189.0
161,2021,3,11680590,삼성2동,2,1층외,1814379.0,102928.0,121072.0,294.0
162,2021,3,11680600,대치1동,0,전체층,3208650.0,146896.0,178982.0,160.0
163,2021,3,11680600,대치1동,1,1층,3702905.0,203542.0,240571.0,66.0
164,2021,3,11680600,대치1동,2,1층외,2861619.0,107122.0,135739.0,94.0
165,2021,3,11680610,대치2동,0,전체층,1921055.0,130122.0,149332.0,468.0
166,2021,3,11680610,대치2동,1,1층,2827953.0,169173.0,197452.0,179.0
167,2021,3,11680610,대치2동,2,1층외,1359342.0,105934.0,119528.0,289.0
168,2021,3,11680630,대치4동,0,전체층,2371289.0,118766.0,142478.0,632.0
169,2021,3,11680630,대치4동,1,1층,3164102.0,168083.0,199724.0,234.0
170,2021,3,11680630,대치4동,2,1층외,1905162.0,89770.0,108821.0,398.0
171,2021,3,11680640,역삼1동,0,전체층,1466013.0,132108.0,146768.0,1678.0
172,2021,3,11680640,역삼1동,1,1층,1961763.0,140961.0,160579.0,552.0
173,2021,3,11680640,역삼1동,2,1층외,1222981.0,127768.0,139997.0,1126.0
174,2021,3,11680650,역삼2동,0,전체층,2027192.0,126357.0,146629.0,499.0
175,2021,3,11680650,역삼2동,1,1층,2625365.0,152579.0,178833.0,171.0
176,2021,3,11680650,역삼2동,2,1층외,1715340.0,112686.0,129840.0,328.0
177,2021,3,11680655,도곡1동,0,전체층,2108439.0,112778.0,133862.0,188.0
178,2021,3,11680655,도곡1동,1,1층,2813430.0,154071.0,182205.0,81.0
179,2021,3,11680655,도곡1동,2,1층외,1574754.0,81519.0,97266.0,107.0
180,2021,3,11680656,도곡2동,0,전체층,2017959.0,127127.0,147307.0,244.0
181,2021,3,11680656,도곡2동,1,1층,2538935.0,164925.0,190314.0,86.0
182,2021,3,11680656,도곡2동,2,1층외,1734390.0,106554.0,123898.0,158.0
183,2021,3,11680660,개포1동,0,전체층,1343673.0,87840.0,101277.0,23.0
184,2021,3,11680660,개포1동,1,1층,1602122.0,143468.0,159490.0,8.0
185,2021,3,11680660,개포1동,2,1층외,1205835.0,58172.0,70230.0,15.0
186,2021,3,11680670,개포2동,0,전체층,3173748.0,113092.0,144830.0,140.0
187,2021,3,11680670,개포2동,1,1층,2759482.0,144117.0,171711.0,75.0
188,2021,3,11680670,개포2동,2,1층외,3651747.0,77295.0,113813.0,65.0
189,2021,3,11680690,개포4동,0,전체층,1801354.0,69781.0,87795.0,263.0
190,2021,3,11680690,개포4동,1,1층,1480309.0,82913.0,97716.0,127.0
191,2021,3,11680690,개포4동,2,1층외,2101153.0,57518.0,78530.0,136.0
192,2021,3,11680700,세곡동,0,전체층,3307612.0,111097.0,144173.0,232.0
193,2021,3,11680700,세곡동,1,1층,3315307.0,151178.0,184331.0,111.0
194,2021,3,11680700,세곡동,2,1층외,3300553.0,74328.0,107334.0,121.0
195,2021,3,11680720,일원본동,0,전체층,2566075.0,109432.0,135093.0,67.0
196,2021,3,11680720,일원본동,1,1층,2844200.0,151364.0,179806.0,31.0
197,2021,3,11680720,일원본동,2,1층외,2326579.0,73324.0,96590.0,36.0
198,2021,3,11680730,일원1동,0,전체층,1700317.0,78329.0,95332.0,144.0
199,2021,3,11680730,일원1동,1,1층,2005889.0,108146.0,128205.0,87.0
200,2021,3,11680730,일원1동,2,1층외,1233917.0,32818.0,45157.0,57.0
201,2021,3,11680740,일원2동,0,전체층,2595981.0,100799.0,126759.0,68.0
202,2021,3,11680740,일원2동,1,1층,4308079.0,222029.0,265110.0,15.0
203,2021,3,11680740,일원2동,2,1층외,2111425.0,66488.0,87603.0,53.0
204,2021,3,11680750,수서동,0,전체층,1912620.0,102827.0,121954.0,118.0
205,2021,3,11680750,수서동,1,1층,2788197.0,142285.0,170167.0,47.0
206,2021,3,11680750,수서동,2,1층외,1333013.0,76707.0,90038.0,71.0
207,2021,4,11680590,삼성2동,0,전체층,2158328.0,121563.0,143146.0,399.0
208,2021,4,11680610,대치2동,0,전체층,1989993.0,128590.0,148490.0,403.0
209,2021,4,11680740,일원2동,0,전체층,2927246.0,104667.0,133940.0,63.0
210,2021,4,11680580,삼성1동,0,전체층,2065340.0,197519.0,218172.0,320.0
211,2021,4,11620685,신사동,0,전체층,1461605.0,81885.0,96501.0,174.0
212,2021,4,11680730,일원1동,0,전체층,2037926.0,81267.0,101646.0,127.0
213,2021,4,11680650,역삼2동,0,전체층,2203659.0,131662.0,153698.0,406.0
214,2021,4,11680640,역삼1동,0,전체층,1487306.0,134811.0,149684.0,1373.0
215,2021,4,11680690,개포4동,0,전체층,1865390.0,69102.0,87756.0,230.0
216,2021,4,11680660,개포1동,0,전체층,1446280.0,93273.0,107736.0,21.0
217,2021,4,11680700,세곡동,0,전체층,3637251.0,114777.0,151149.0,191.0
218,2021,4,11680510,신사동,0,전체층,2036444.0,114430.0,134795.0,526.0
219,2021,4,11680531,논현2동,0,전체층,1420660.0,112020.0,126226.0,627.0
220,2021,4,11680630,대치4동,0,전체층,2605929.0,120762.0,146821.0,505.0
221,2021,4,11680670,개포2동,0,전체층,3427624.0,116195.0,150472.0,134.0
222,2021,4,11680545,압구정동,0,전체층,2527693.0,125282.0,150559.0,467.0
223,2021,4,11680720,일원본동,0,전체층,2784355.0,123685.0,151529.0,56.0
224,2021,4,11680521,논현1동,0,전체층,1673278.0,111615.0,128348.0,613.0
225,2021,4,11680656,도곡2동,0,전체층,2233795.0,130610.0,152948.0,200.0
226,2021,4,11680655,도곡1동,0,전체층,2273813.0,112621.0,135359.0,155.0
227,2021,4,11680750,수서동,0,전체층,1997415.0,113477.0,133451.0,98.0
228,2021,4,11680600,대치1동,0,전체층,3151272.0,155602.0,187115.0,144.0
229,2021,4,11680565,청담동,0,전체층,1885650.0,118935.0,137791.0,499.0
230,2021,4,11680531,논현2동,2,1층외,1166435.0,99111.0,110776.0,400.0
231,2021,4,11680565,청담동,1,1층,2227729.0,160525.0,182802.0,146.0
232,2021,4,11680640,역삼1동,2,1층외,1284828.0,132974.0,145822.0,956.0
233,2021,4,11680531,논현2동,1,1층,1868634.0,134765.0,153452.0,227.0
234,2021,4,11680730,일원1동,2,1층외,1910109.0,31521.0,50622.0,47.0
235,2021,4,11680720,일원본동,1,1층,3821522.0,168902.0,207117.0,31.0
236,2021,4,11680630,대치4동,2,1층외,2212657.0,91802.0,113928.0,317.0
237,2021,4,11680565,청담동,2,1층외,1744166.0,101733.0,119175.0,353.0
238,2021,4,11680656,도곡2동,1,1층,2734406.0,178002.0,205346.0,64.0
239,2021,4,11680655,도곡1동,1,1층,2906292.0,150944.0,180007.0,68.0
240,2021,4,11680700,세곡동,1,1층,3533031.0,141588.0,176918.0,98.0
241,2021,4,11680660,개포1동,2,1층외,1337689.0,58817.0,72194.0,12.0
242,2021,4,11680750,수서동,2,1층외,1369669.0,91001.0,104697.0,63.0
243,2021,4,11680656,도곡2동,2,1층외,1998214.0,108308.0,128290.0,136.0
244,2021,4,11680580,삼성1동,1,1층,2170767.0,133965.0,155673.0,85.0
245,2021,4,11680640,역삼1동,1,1층,1951501.0,139022.0,158537.0,417.0
246,2021,4,11680521,논현1동,1,1층,2134214.0,145732.0,167075.0,233.0
247,2021,4,11680600,대치1동,1,1층,3644649.0,203187.0,239634.0,68.0
248,2021,4,11680590,삼성2동,1,1층,2450061.0,148427.0,172928.0,149.0
249,2021,4,11680600,대치1동,2,1층외,2709828.0,113026.0,140124.0,76.0
250,2021,4,11680510,신사동,2,1층외,1676606.0,88470.0,105236.0,344.0
251,2021,4,11680670,개포2동,1,1층,2593453.0,135746.0,161681.0,80.0
252,2021,4,11680650,역삼2동,1,1층,2783971.0,158985.0,186824.0,136.0
253,2021,4,11680740,일원2동,1,1층,4175038.0,225108.0,266858.0,15.0
254,2021,4,11680521,논현1동,2,1층외,1390652.0,90695.0,104602.0,380.0
255,2021,4,11680655,도곡1동,2,1층외,1779462.0,82667.0,100462.0,87.0
256,2021,4,11680670,개포2동,2,1층외,4663433.0,87231.0,133865.0,54.0
257,2021,4,11680690,개포4동,1,1층,1514490.0,83535.0,98680.0,119.0
258,2021,4,11680750,수서동,1,1층,3127359.0,153934.0,185207.0,35.0
259,2021,4,11680650,역삼2동,2,1층외,1911354.0,117899.0,137012.0,270.0
260,2021,4,11680590,삼성2동,2,1층외,1984455.0,105552.0,125396.0,250.0
261,2021,4,11680610,대치2동,1,1층,3043189.0,175499.0,205930.0,151.0
262,2021,4,11680730,일원1동,1,1층,2113019.0,110493.0,131623.0,80.0
263,2021,4,11680660,개포1동,1,1층,1591068.0,139215.0,155125.0,9.0
264,2021,4,11680720,일원본동,2,1층외,1498267.0,67616.0,82599.0,25.0
265,2021,4,11680580,삼성1동,2,1층외,2027206.0,220507.0,240779.0,235.0
266,2021,4,11680545,압구정동,1,1층,3473914.0,180697.0,215436.0,187.0
267,2021,4,11680630,대치4동,1,1층,3269054.0,169594.0,202284.0,188.0
268,2021,4,11680690,개포4동,2,1층외,2241580.0,53629.0,76045.0,111.0
269,2021,4,11680740,일원2동,2,1층외,2537311.0,67030.0,92403.0,48.0
270,2021,4,11680510,신사동,1,1층,2716579.0,163498.0,190664.0,182.0
271,2021,4,11680545,압구정동,2,1층외,1895752.0,88273.0,107231.0,280.0
272,2021,4,11620685,신사동,1,1층,1528608.0,96513.0,111799.0,119.0
273,2021,4,11680700,세곡동,2,1층외,3747075.0,86525.0,123995.0,93.0
274,2021,4,11680610,대치2동,2,1층외,1358911.0,100481.0,114071.0,252.0
275,2021,4,11620685,신사동,2,1층외,1316635.0,50236.0,63402.0,55.0
276,2022,1,11620685,신사동,0,전체층,1452531.0,81829.0,96354.0,170.0
277,2022,1,11620685,신사동,1,1층,1504193.0,100736.0,115778.0,116.0
278,2022,1,11620685,신사동,2,1층외,1341553.0,41213.0,54629.0,54.0
279,2022,1,11680510,신사동,0,전체층,2111518.0,118549.0,139665.0,488.0
280,2022,1,11680510,신사동,1,1층,2900916.0,174628.0,203637.0,164.0
281,2022,1,11680510,신사동,2,1층외,1711946.0,90164.0,107283.0,324.0
282,2022,1,11680521,논현1동,0,전체층,1750188.0,114864.0,132366.0,541.0
283,2022,1,11680521,논현1동,1,1층,2275703.0,147690.0,170447.0,207.0
284,2022,1,11680521,논현1동,2,1층외,1424494.0,94520.0,108765.0,334.0
285,2022,1,11680531,논현2동,0,전체층,1419540.0,110675.0,124871.0,583.0
286,2022,1,11680531,논현2동,1,1층,1859028.0,137011.0,155602.0,203.0
287,2022,1,11680531,논현2동,2,1층외,1184761.0,96606.0,108454.0,380.0
288,2022,1,11680545,압구정동,0,전체층,2371810.0,123098.0,146816.0,418.0
289,2022,1,11680545,압구정동,1,1층,3324455.0,179874.0,213119.0,164.0
290,2022,1,11680545,압구정동,2,1층외,1756716.0,86440.0,104007.0,254.0
291,2022,1,11680565,청담동,0,전체층,2053566.0,116750.0,137285.0,432.0
292,2022,1,11680565,청담동,1,1층,2381648.0,164037.0,187854.0,126.0
293,2022,1,11680565,청담동,2,1층외,1918474.0,97278.0,116463.0,306.0
294,2022,1,11680580,삼성1동,0,전체층,2003450.0,193510.0,213544.0,287.0
295,2022,1,11680580,삼성1동,1,1층,2126322.0,158402.0,179666.0,76.0
296,2022,1,11680580,삼성1동,2,1층외,1959192.0,206155.0,225747.0,211.0
297,2022,1,11680590,삼성2동,0,전체층,2317650.0,129189.0,152365.0,360.0
298,2022,1,11680590,삼성2동,1,1층,2544787.0,150897.0,176345.0,134.0
299,2022,1,11680590,삼성2동,2,1층외,2182976.0,116318.0,138147.0,226.0
300,2022,1,11680600,대치1동,0,전체층,2852542.0,160443.0,188968.0,125.0
301,2022,1,11680600,대치1동,1,1층,3248376.0,207520.0,240004.0,61.0
302,2022,1,11680600,대치1동,2,1층외,2475263.0,115572.0,140325.0,64.0
303,2022,1,11680610,대치2동,0,전체층,2039967.0,118145.0,138545.0,347.0
304,2022,1,11680610,대치2동,1,1층,3038333.0,160879.0,191262.0,124.0
305,2022,1,11680610,대치2동,2,1층외,1484821.0,94383.0,109231.0,223.0
306,2022,1,11680630,대치4동,0,전체층,2247372.0,120094.0,142567.0,465.0
307,2022,1,11680630,대치4동,1,1층,2697939.0,167875.0,194854.0,174.0
308,2022,1,11680630,대치4동,2,1층외,1977961.0,91523.0,111303.0,291.0
309,2022,1,11680640,역삼1동,0,전체층,1497787.0,135455.0,150432.0,1246.0
310,2022,1,11680640,역삼1동,1,1층,2045038.0,141538.0,161989.0,373.0
311,2022,1,11680640,역삼1동,2,1층외,1263967.0,132855.0,145495.0,873.0
312,2022,1,11680650,역삼2동,0,전체층,2252853.0,126945.0,149473.0,352.0
313,2022,1,11680650,역삼2동,1,1층,2932536.0,154476.0,183802.0,108.0
314,2022,1,11680650,역삼2동,2,1층외,1952010.0,114758.0,134279.0,244.0
315,2022,1,11680655,도곡1동,0,전체층,2312221.0,110523.0,133646.0,144.0
316,2022,1,11680655,도곡1동,1,1층,3052278.0,155184.0,185707.0,62.0
317,2022,1,11680655,도곡1동,2,1층외,1752666.0,76756.0,94282.0,82.0
318,2022,1,11680656,도곡2동,0,전체층,2283840.0,131283.0,154121.0,172.0
319,2022,1,11680656,도곡2동,1,1층,2864523.0,185554.0,214200.0,54.0
320,2022,1,11680656,도곡2동,2,1층외,2018104.0,106447.0,126628.0,118.0
321,2022,1,11680660,개포1동,0,전체층,1472270.0,94669.0,109392.0,19.0
322,2022,1,11680660,개포1동,1,1층,1558977.0,146256.0,161846.0,8.0
323,2022,1,11680660,개포1동,2,1층외,1409210.0,57151.0,71243.0,11.0
324,2022,1,11680670,개포2동,0,전체층,3545790.0,123962.0,159420.0,130.0
325,2022,1,11680670,개포2동,1,1층,2685436.0,137191.0,164045.0,77.0
326,2022,1,11680670,개포2동,2,1층외,4795739.0,104743.0,152700.0,53.0
327,2022,1,11680690,개포4동,0,전체층,1785805.0,65942.0,83800.0,207.0
328,2022,1,11680690,개포4동,1,1층,1482160.0,81982.0,96804.0,111.0
329,2022,1,11680690,개포4동,2,1층외,2136894.0,47396.0,68765.0,96.0
330,2022,1,11680700,세곡동,0,전체층,3836626.0,108196.0,146562.0,173.0
331,2022,1,11680700,세곡동,1,1층,3403532.0,137382.0,171417.0,82.0
332,2022,1,11680700,세곡동,2,1층외,4226887.0,81896.0,124165.0,91.0
333,2022,1,11680720,일원본동,0,전체층,2927643.0,129618.0,158895.0,50.0
334,2022,1,11680720,일원본동,1,1층,3842164.0,167288.0,205709.0,30.0
335,2022,1,11680720,일원본동,2,1층외,1555861.0,73114.0,88672.0,20.0
336,2022,1,11680730,일원1동,0,전체층,2210583.0,90315.0,112421.0,110.0
337,2022,1,11680730,일원1동,1,1층,2320736.0,125944.0,149151.0,69.0
338,2022,1,11680730,일원1동,2,1층외,2025203.0,30355.0,50607.0,41.0
339,2022,1,11680740,일원2동,0,전체층,3163701.0,112420.0,144057.0,60.0
340,2022,1,11680740,일원2동,1,1층,4395807.0,229218.0,273176.0,17.0
341,2022,1,11680740,일원2동,2,1층외,2676589.0,66244.0,93010.0,43.0
342,2022,1,11680750,수서동,0,전체층,1949330.0,120028.0,139521.0,95.0
343,2022,1,11680750,수서동,1,1층,3101803.0,146427.0,177445.0,32.0
344,2022,1,11680750,수서동,2,1층외,1363947.0,106619.0,120259.0,63.0
345,2022,2,11680510,신사동,2,1층외,1363178.0,100324.0,113956.0,124.0
346,2022,2,11680640,역삼1동,1,1층,2262619.0,147368.0,169994.0,136.0
347,2022,2,11680545,압구정동,1,1층,2922145.0,175923.0,205144.0,48.0
348,2022,2,11680650,역삼2동,2,1층외,1438571.0,117812.0,132198.0,96.0
349,2022,2,11680670,개포2동,2,1층외,5269726.0,147725.0,200422.0,26.0
350,2022,2,11680740,일원2동,2,1층외,5007488.0,45761.0,95836.0,13.0
351,2022,2,11680700,세곡동,1,1층,2703570.0,130133.0,157169.0,33.0
352,2022,2,11680700,세곡동,2,1층외,3271930.0,99271.0,131991.0,32.0
353,2022,2,11680750,수서동,2,1층외,2250171.0,163620.0,186121.0,32.0
354,2022,2,11680521,논현1동,2,1층외,1459169.0,125968.0,140559.0,143.0
355,2022,2,11680565,청담동,2,1층외,2388906.0,101809.0,125698.0,120.0
356,2022,2,11680565,청담동,1,1층,2641748.0,178925.0,205342.0,50.0
357,2022,2,11680610,대치2동,2,1층외,1193621.0,107674.0,119610.0,80.0
358,2022,2,11680660,개포1동,1,1층,0.0,0.0,0.0,2.0
359,2022,2,11680640,역삼1동,0,전체층,1555433.0,145202.0,160757.0,509.0
360,2022,2,11680656,도곡2동,0,전체층,3552148.0,119526.0,155047.0,68.0
361,2022,2,11680580,삼성1동,0,전체층,1271824.0,224044.0,236762.0,108.0
362,2022,2,11680750,수서동,0,전체층,2332163.0,169948.0,193270.0,39.0
363,2022,2,11680600,대치1동,0,전체층,4460980.0,161488.0,206098.0,43.0
364,2022,2,11680670,개포2동,0,전체층,3758743.0,153039.0,190626.0,58.0
365,2022,2,11680521,논현1동,0,전체층,1758649.0,136419.0,154005.0,220.0
366,2022,2,11680630,대치4동,0,전체층,2480394.0,130557.0,155361.0,159.0
367,2022,2,11680545,압구정동,0,전체층,2920158.0,122530.0,151732.0,141.0
368,2022,2,11680650,역삼2동,0,전체층,1741195.0,135433.0,152845.0,130.0
369,2022,2,11680690,개포4동,0,전체층,1360384.0,75241.0,88844.0,84.0
370,2022,2,11680660,개포1동,0,전체층,0.0,0.0,0.0,4.0
371,2022,2,11680510,신사동,0,전체층,1865844.0,134639.0,153298.0,179.0
372,2022,2,11680610,대치2동,0,전체층,1624319.0,119729.0,135972.0,115.0
373,2022,2,11680720,일원본동,0,전체층,3737114.0,170098.0,207469.0,22.0
374,2022,2,11680655,도곡1동,0,전체층,2687326.0,138345.0,165218.0,64.0
375,2022,2,11680565,청담동,0,전체층,2463271.0,124490.0,149122.0,170.0
376,2022,2,11680730,일원1동,0,전체층,2487588.0,109904.0,134780.0,48.0
377,2022,2,11680740,일원2동,0,전체층,0.0,0.0,0.0,17.0
378,2022,2,11620685,신사동,0,전체층,1485211.0,82032.0,96884.0,83.0
379,2022,2,11680531,논현2동,0,전체층,1887323.0,117348.0,136221.0,262.0
380,2022,2,11680590,삼성2동,0,전체층,1703503.0,153739.0,170774.0,140.0
381,2022,2,11680700,세곡동,0,전체층,2983378.0,114940.0,144773.0,65.0
382,2022,2,11620685,신사동,2,1층외,1169407.0,44715.0,56409.0,30.0
383,2022,2,11680590,삼성2동,1,1층,2265235.0,155780.0,178432.0,49.0
384,2022,2,11680580,삼성1동,1,1층,2585684.0,182293.0,208150.0,34.0
385,2022,2,11680531,논현2동,2,1층외,1792863.0,100533.0,118462.0,176.0
386,2022,2,11680531,논현2동,1,1층,2080635.0,151761.0,172567.0,86.0
387,2022,2,11680655,도곡1동,1,1층,4232271.0,147696.0,190019.0,25.0
388,2022,2,11680600,대치1동,2,1층외,5083922.0,104180.0,155019.0,22.0
389,2022,2,11680656,도곡2동,1,1층,2205058.0,149365.0,171415.0,17.0
390,2022,2,11680521,논현1동,1,1층,2314826.0,155827.0,178975.0,77.0
391,2022,2,11680656,도곡2동,2,1층외,4001179.0,109580.0,149591.0,51.0
392,2022,2,11680630,대치4동,2,1층외,2114384.0,94003.0,115147.0,103.0
393,2022,2,11680670,개포2동,1,1층,2531070.0,157356.0,182667.0,32.0
394,2022,2,11680720,일원본동,1,1층,4417176.0,190595.0,234766.0,17.0
395,2022,2,11680740,일원2동,1,1층,0.0,0.0,0.0,4.0
396,2022,2,11680655,도곡1동,2,1층외,1696976.0,132350.0,149320.0,39.0
397,2022,2,11680590,삼성2동,2,1층외,1401031.0,152640.0,166651.0,91.0
398,2022,2,11680600,대치1동,1,1층,3808374.0,221525.0,259609.0,21.0
399,2022,2,11680610,대치2동,1,1층,2608773.0,147282.0,173370.0,35.0
400,2022,2,11680580,삼성1동,2,1층외,668158.0,243227.0,249909.0,74.0
401,2022,2,11680660,개포1동,2,1층외,0.0,0.0,0.0,2.0
402,2022,2,11680630,대치4동,1,1층,3153590.0,197791.0,229327.0,56.0
403,2022,2,11680640,역삼1동,2,1층외,1297585.0,144413.0,157389.0,373.0
404,2022,2,11680650,역삼2동,1,1층,2595665.0,185185.0,211142.0,34.0
405,2022,2,11680720,일원본동,2,1층외,1424904.0,100411.0,114660.0,5.0
406,2022,2,11680730,일원1동,2,1층외,2778847.0,33508.0,61297.0,14.0
407,2022,2,11620685,신사동,1,1층,1663968.0,103155.0,119795.0,53.0
408,2022,2,11680510,신사동,1,1층,2999128.0,212004.0,241995.0,55.0
409,2022,2,11680545,압구정동,2,1층외,2919133.0,94972.0,124164.0,93.0
410,2022,2,11680690,개포4동,2,1층외,1522981.0,53295.0,68524.0,36.0
411,2022,2,11680690,개포4동,1,1층,1238436.0,91700.0,104084.0,48.0
412,2022,2,11680730,일원1동,1,1층,2367658.0,141361.0,165038.0,34.0
413,2022,2,11680750,수서동,1,1층,2706987.0,198880.0,225950.0,7.0
414,2022,3,11680590,삼성2동,1,1층,2571677.0,182675.0,208392.0,51.0
415,2022,3,11680580,삼성1동,1,1층,2480807.0,223658.0,248466.0,25.0
416,2022,3,11680510,신사동,2,1층외,1146494.0,103360.0,114825.0,112.0
417,2022,3,11680640,역삼1동,1,1층,2462067.0,150252.0,174873.0,104.0
418,2022,3,11680545,압구정동,1,1층,2707686.0,174312.0,201389.0,43.0
419,2022,3,11680650,역삼2동,2,1층외,1812241.0,112155.0,130277.0,83.0
420,2022,3,11680670,개포2동,2,1층외,6372402.0,123771.0,187495.0,22.0
421,2022,3,11680700,세곡동,1,1층,2615027.0,133151.0,159301.0,26.0
422,2022,3,11680700,세곡동,2,1층외,3712669.0,128483.0,165610.0,32.0
423,2022,3,11680740,일원2동,2,1층외,3923936.0,54348.0,93587.0,10.0
424,2022,3,11680750,수서동,2,1층외,2028659.0,129084.0,149371.0,28.0
425,2022,3,11680521,논현1동,2,1층외,1510038.0,130331.0,145432.0,151.0
426,2022,3,11680565,청담동,2,1층외,2303137.0,115242.0,138274.0,97.0
427,2022,3,11680565,청담동,1,1층,2757346.0,184357.0,211930.0,37.0
428,2022,3,11680610,대치2동,2,1층외,1097215.0,119156.0,130128.0,75.0
429,2022,3,11680660,개포1동,1,1층,0.0,0.0,0.0,2.0
430,2022,3,11680655,도곡1동,2,1층외,3323383.0,147253.0,180487.0,40.0
431,2022,3,11680590,삼성2동,2,1층외,1178900.0,171040.0,182829.0,85.0
432,2022,3,11680600,대치1동,1,1층,3516170.0,213213.0,248375.0,18.0
433,2022,3,11680610,대치2동,1,1층,1983962.0,174179.0,194018.0,29.0
434,2022,3,11680580,삼성1동,2,1층외,831760.0,243327.0,251645.0,82.0
435,2022,3,11680660,개포1동,2,1층외,0.0,0.0,0.0,2.0
436,2022,3,11680640,역삼1동,0,전체층,1736131.0,144614.0,161975.0,429.0
437,2022,3,11680656,도곡2동,0,전체층,3111528.0,108845.0,139960.0,58.0
438,2022,3,11680580,삼성1동,0,전체층,1217051.0,238732.0,250902.0,107.0
439,2022,3,11680750,수서동,0,전체층,2079592.0,134728.0,155523.0,34.0
440,2022,3,11680600,대치1동,0,전체층,4192114.0,167329.0,209250.0,35.0
441,2022,3,11680670,개포2동,0,전체층,4461659.0,142602.0,187218.0,45.0
442,2022,3,11680521,논현1동,0,전체층,1899839.0,146889.0,165888.0,221.0
443,2022,3,11680545,압구정동,0,전체층,3101902.0,135918.0,166937.0,128.0
444,2022,3,11680630,대치4동,0,전체층,2673241.0,133260.0,159992.0,121.0
445,2022,3,11680650,역삼2동,0,전체층,2038384.0,131232.0,151616.0,110.0
446,2022,3,11680690,개포4동,0,전체층,1203696.0,81171.0,93208.0,77.0
447,2022,3,11680660,개포1동,0,전체층,0.0,0.0,0.0,4.0
448,2022,3,11680510,신사동,0,전체층,1640081.0,134758.0,151159.0,160.0
449,2022,3,11680610,대치2동,0,전체층,1344481.0,134499.0,147944.0,104.0
450,2022,3,11680720,일원본동,0,전체층,0.0,0.0,0.0,16.0
451,2022,3,11680655,도곡1동,0,전체층,3255643.0,153867.0,186423.0,63.0
452,2022,3,11680565,청담동,0,전체층,2428553.0,134326.0,158612.0,134.0
453,2022,3,11680730,일원1동,0,전체층,1560737.0,101051.0,116658.0,32.0
454,2022,3,11680740,일원2동,0,전체층,4667438.0,153040.0,199714.0,16.0
455,2022,3,11620685,신사동,0,전체층,1628513.0,95310.0,111595.0,113.0
456,2022,3,11680531,논현2동,0,전체층,1920186.0,110464.0,129666.0,227.0
457,2022,3,11680590,삼성2동,0,전체층,1701191.0,175403.0,192415.0,136.0
458,2022,3,11680700,세곡동,0,전체층,3220623.0,130576.0,162782.0,58.0
459,2022,3,11680630,대치4동,1,1층,3691037.0,207654.0,244564.0,37.0
460,2022,3,11680640,역삼1동,2,1층외,1503831.0,142810.0,157848.0,325.0
461,2022,3,11680650,역삼2동,1,1층,2733565.0,189879.0,217215.0,27.0
462,2022,3,11680720,일원본동,2,1층외,0.0,0.0,0.0,3.0
463,2022,3,11680730,일원1동,2,1층외,774881.0,31909.0,39658.0,11.0
464,2022,3,11620685,신사동,1,1층,1823568.0,113248.0,131484.0,81.0
465,2022,3,11680510,신사동,1,1층,2791785.0,208020.0,235938.0,48.0
466,2022,3,11680545,압구정동,2,1층외,3301329.0,116496.0,149509.0,85.0
467,2022,3,11680690,개포4동,2,1층외,1091833.0,70149.0,81067.0,40.0
468,2022,3,11680690,개포4동,1,1층,1324628.0,93086.0,106332.0,37.0
469,2022,3,11680730,일원1동,1,1층,1972376.0,137268.0,156991.0,21.0
470,2022,3,11680750,수서동,1,1층,2317284.0,161064.0,184237.0,6.0
471,2022,3,11620685,신사동,2,1층외,1134779.0,49902.0,61250.0,32.0
472,2022,3,11680531,논현2동,2,1층외,1817018.0,97074.0,115244.0,168.0
473,2022,3,11680531,논현2동,1,1층,2213952.0,148590.0,170729.0,59.0
474,2022,3,11680655,도곡1동,1,1층,3137834.0,165369.0,196748.0,23.0
475,2022,3,11680600,대치1동,2,1층외,4907818.0,118746.0,167824.0,17.0
476,2022,3,11680656,도곡2동,1,1층,1871860.0,147658.0,166376.0,11.0
477,2022,3,11680521,논현1동,1,1층,2740695.0,182607.0,210014.0,70.0
478,2022,3,11680656,도곡2동,2,1층외,3401663.0,99761.0,133778.0,47.0
479,2022,3,11680630,대치4동,2,1층외,2224926.0,100491.0,122740.0,84.0
480,2022,3,11680670,개포2동,1,1층,2633992.0,160613.0,186953.0,23.0
481,2022,3,11680720,일원본동,1,1층,9866149.0,114223.0,212884.0,13.0
482,2022,3,11680740,일원2동,1,1층,5906609.0,317527.0,376593.0,6.0
483,2022,4,11680590,삼성2동,2,1층외,1312205.0,164525.0,177648.0,87.0
484,2022,4,11680590,삼성2동,1,1층,2439531.0,179202.0,203598.0,56.0
485,2022,4,11680590,삼성2동,0,전체층,1753676.0,170273.0,187810.0,143.0
486,2022,4,11680580,삼성1동,2,1층외,651951.0,272867.0,279386.0,93.0
487,2022,4,11680580,삼성1동,1,1층,2512523.0,182961.0,208086.0,26.0
488,2022,4,11680580,삼성1동,0,전체층,1058462.0,253223.0,263808.0,119.0
489,2022,4,11680510,신사동,1,1층,2637538.0,210258.0,236633.0,42.0
490,2022,4,11680510,신사동,0,전체층,1554882.0,137818.0,153367.0,150.0
491,2022,4,11680510,신사동,2,1층외,1133849.0,109647.0,120985.0,108.0
492,2022,4,11680640,역삼1동,2,1층외,1410669.0,139660.0,153766.0,346.0
493,2022,4,11680640,역삼1동,0,전체층,1688924.0,143264.0,160153.0,445.0
494,2022,4,11680640,역삼1동,1,1층,2661413.0,155859.0,182473.0,99.0
495,2022,4,11680545,압구정동,2,1층외,3511502.0,131227.0,166342.0,90.0
496,2022,4,11680545,압구정동,0,전체층,3294239.0,148020.0,180962.0,131.0
497,2022,4,11680545,압구정동,1,1층,2817322.0,184882.0,213055.0,41.0
498,2022,4,11680650,역삼2동,1,1층,2514045.0,193666.0,218806.0,32.0
499,2022,4,11680650,역삼2동,0,전체층,1728050.0,139114.0,156395.0,128.0
500,2022,4,11680650,역삼2동,2,1층외,1466051.0,120931.0,135591.0,96.0
501,2022,4,11680670,개포2동,1,1층,2813043.0,171281.0,199412.0,21.0
502,2022,4,11680670,개포2동,0,전체층,4476127.0,155695.0,200456.0,45.0
503,2022,4,11680670,개포2동,2,1층외,5931325.0,142057.0,201370.0,24.0
504,2022,4,11680700,세곡동,2,1층외,3290018.0,105575.0,138476.0,36.0
505,2022,4,11680700,세곡동,1,1층,2518013.0,149017.0,174197.0,26.0
506,2022,4,11680700,세곡동,0,전체층,2966274.0,123793.0,153456.0,62.0
507,2022,4,11680740,일원2동,1,1층,4974873.0,310193.0,359942.0,6.0
508,2022,4,11680740,일원2동,0,전체층,4069628.0,176516.0,217212.0,19.0
509,2022,4,11680740,일원2동,2,1층외,3651822.0,114818.0,151336.0,13.0
510,2022,4,11680750,수서동,1,1층,2317284.0,161064.0,184237.0,6.0
511,2022,4,11680750,수서동,0,전체층,2495553.0,125941.0,150896.0,29.0
512,2022,4,11680750,수서동,2,1층외,2542058.0,116778.0,142199.0,23.0
513,2022,4,11680521,논현1동,1,1층,2618541.0,180201.0,206387.0,70.0
514,2022,4,11680521,논현1동,0,전체층,1886661.0,145730.0,164597.0,224.0
515,2022,4,11680521,논현1동,2,1층외,1553988.0,130061.0,145601.0,154.0
516,2022,4,11680565,청담동,0,전체층,2834549.0,133960.0,162306.0,145.0
517,2022,4,11680565,청담동,1,1층,2586986.0,179463.0,205333.0,34.0
518,2022,4,11680565,청담동,2,1층외,2910379.0,120022.0,149126.0,111.0
519,2022,4,11680610,대치2동,1,1층,2111750.0,208453.0,229570.0,24.0
520,2022,4,11680610,대치2동,0,전체층,1232587.0,148915.0,161241.0,104.0
521,2022,4,11680610,대치2동,2,1층외,968838.0,131053.0,140742.0,80.0
522,2022,4,11680660,개포1동,2,1층외,0.0,0.0,0.0,2.0
523,2022,4,11680660,개포1동,0,전체층,0.0,0.0,0.0,4.0
524,2022,4,11680660,개포1동,1,1층,0.0,0.0,0.0,2.0
525,2022,4,11680655,도곡1동,1,1층,3299735.0,167436.0,200433.0,22.0
526,2022,4,11680655,도곡1동,2,1층외,3494117.0,157530.0,192471.0,37.0
527,2022,4,11680655,도곡1동,0,전체층,3421635.0,161224.0,195440.0,59.0
528,2022,4,11680600,대치1동,2,1층외,4601557.0,142938.0,188954.0,21.0
529,2022,4,11680600,대치1동,1,1층,4458187.0,242584.0,287165.0,17.0
530,2022,4,11680600,대치1동,0,전체층,4537418.0,187516.0,232890.0,38.0
531,2022,4,11680656,도곡2동,2,1층외,3730282.0,108613.0,145916.0,49.0
532,2022,4,11680656,도곡2동,1,1층,1581510.0,127080.0,142895.0,13.0
533,2022,4,11680656,도곡2동,0,전체층,3279733.0,112485.0,145283.0,62.0
534,2022,4,11680630,대치4동,2,1층외,2141259.0,99199.0,120612.0,90.0
535,2022,4,11680630,대치4동,1,1층,3292450.0,207825.0,240750.0,38.0
536,2022,4,11680630,대치4동,0,전체층,2483019.0,131448.0,156278.0,128.0
537,2022,4,11680690,개포4동,2,1층외,1157199.0,76992.0,88564.0,46.0
538,2022,4,11680690,개포4동,1,1층,1283102.0,88170.0,101001.0,40.0
539,2022,4,11680690,개포4동,0,전체층,1215758.0,82191.0,94349.0,86.0
540,2022,4,11680720,일원본동,1,1층,12795670.0,103169.0,231125.0,9.0
541,2022,4,11680720,일원본동,2,1층외,5541780.0,61986.0,117404.0,6.0
542,2022,4,11680720,일원본동,0,전체층,9894114.0,86696.0,185637.0,15.0
543,2022,4,11680730,일원1동,1,1층,1376618.0,93575.0,107341.0,14.0
544,2022,4,11680730,일원1동,2,1층외,2309086.0,57480.0,80571.0,13.0
545,2022,4,11680730,일원1동,0,전체층,1825584.0,76196.0,94451.0,27.0
546,2022,4,11620685,신사동,1,1층,1700082.0,110585.0,127585.0,99.0
547,2022,4,11620685,신사동,0,전체층,1727439.0,93353.0,110627.0,134.0
548,2022,4,11620685,신사동,2,1층외,1804819.0,44613.0,62661.0,35.0
549,2022,4,11680531,논현2동,1,1층,2478461.0,142196.0,166981.0,62.0
550,2022,4,11680531,논현2동,2,1층외,1934925.0,98166.0,117515.0,159.0
551,2022,4,11680531,논현2동,0,전체층,2087410.0,110518.0,131392.0,221.0
552,2023,1,11680590,삼성2동,2,1층외,,,161457.0,
553,2023,1,11680590,삼성2동,1,1층,,,185418.0,
554,2023,1,11680590,삼성2동,0,전체층,,,173437.0,
555,2023,1,11680580,삼성1동,2,1층외,,,296405.0,
556,2023,1,11680580,삼성1동,1,1층,,,146181.0,
557,2023,1,11680580,삼성1동,0,전체층,,,221293.0,
558,2023,1,11680510,신사동,1,1층,,,204484.0,
559,2023,1,11680510,신사동,0,전체층,,,177010.0,
560,2023,1,11680510,신사동,2,1층외,,,149535.0,
561,2023,1,11680640,역삼1동,2,1층외,,,155143.0,
562,2023,1,11680640,역삼1동,0,전체층,,,167232.0,
563,2023,1,11680640,역삼1동,1,1층,,,179321.0,
564,2023,1,11680545,압구정동,2,1층외,,,152752.0,
565,2023,1,11680545,압구정동,0,전체층,,,185519.0,
566,2023,1,11680545,압구정동,1,1층,,,218287.0,
567,2023,1,11680650,역삼2동,1,1층,,,197435.0,
568,2023,1,11680650,역삼2동,0,전체층,,,173621.0,
569,2023,1,11680650,역삼2동,2,1층외,,,149808.0,
570,2023,1,11680670,개포2동,1,1층,,,168969.0,
571,2023,1,11680670,개포2동,0,전체층,,,158892.0,
572,2023,1,11680670,개포2동,2,1층외,,,148816.0,
573,2023,1,11680700,세곡동,2,1층외,,,146175.0,
574,2023,1,11680700,세곡동,1,1층,,,191378.0,
575,2023,1,11680700,세곡동,0,전체층,,,168776.0,
576,2023,1,11680740,일원2동,1,1층,,,,
577,2023,1,11680740,일원2동,0,전체층,,,191506.0,
578,2023,1,11680740,일원2동,2,1층외,,,191506.0,
579,2023,1,11680750,수서동,1,1층,,,,
580,2023,1,11680750,수서동,0,전체층,,,104973.0,
581,2023,1,11680750,수서동,2,1층외,,,104973.0,
582,2023,1,11680521,논현1동,1,1층,,,219004.0,
583,2023,1,11680521,논현1동,0,전체층,,,174228.0,
584,2023,1,11680521,논현1동,2,1층외,,,129453.0,
585,2023,1,11680565,청담동,0,전체층,,,171914.0,
586,2023,1,11680565,청담동,1,1층,,,184430.0,
587,2023,1,11680565,청담동,2,1층외,,,159398.0,
588,2023,1,11680610,대치2동,1,1층,,,258565.0,
589,2023,1,11680610,대치2동,0,전체층,,,200171.0,
590,2023,1,11680610,대치2동,2,1층외,,,141778.0,
591,2023,1,11680660,개포1동,2,1층외,,,,
592,2023,1,11680660,개포1동,0,전체층,,,,
593,2023,1,11680660,개포1동,1,1층,,,,
594,2023,1,11680655,도곡1동,1,1층,,,172589.0,
595,2023,1,11680655,도곡1동,2,1층외,,,176951.0,
596,2023,1,11680655,도곡1동,0,전체층,,,174770.0,
597,2023,1,11680600,대치1동,2,1층외,,,219176.0,
598,2023,1,11680600,대치1동,1,1층,,,291267.0,
599,2023,1,11680600,대치1동,0,전체층,,,255221.0,
600,2023,1,11680656,도곡2동,2,1층외,,,130425.0,
601,2023,1,11680656,도곡2동,1,1층,,,162043.0,
602,2023,1,11680656,도곡2동,0,전체층,,,146234.0,
603,2023,1,11680630,대치4동,2,1층외,,,125014.0,
604,2023,1,11680630,대치4동,1,1층,,,212791.0,
605,2023,1,11680630,대치4동,0,전체층,,,168903.0,
606,2023,1,11680690,개포4동,2,1층외,,,91894.0,
607,2023,1,11680690,개포4동,1,1층,,,95471.0,
608,2023,1,11680690,개포4동,0,전체층,,,93682.0,
609,2023,1,11680720,일원본동,1,1층,,,,
610,2023,1,11680720,일원본동,2,1층외,,,183414.0,
611,2023,1,11680720,일원본동,0,전체층,,,183414.0,
612,2023,1,11680730,일원1동,1,1층,,,100933.0,
613,2023,1,11680730,일원1동,2,1층외,,,96027.0,
614,2023,1,11680730,일원1동,0,전체층,,,98480.0,
615,2023,1,11620685,신사동,1,1층,,,204484.0,
616,2023,1,11620685,신사동,0,전체층,,,177010.0,
617,2023,1,11620685,신사동,2,1층외,,,149535.0,
618,2023,1,11680531,논현2동,1,1층,,,186179.0,
619,2023,1,11680531,논현2동,2,1층외,,,137191.0,
620,2023,1,11680531,논현2동,0,전체층,,,161685.0,
621,2023,2,11680590,삼성2동,2,1층외,,,191637.0,
622,2023,2,11680590,삼성2동,1,1층,,,165487.0,
623,2023,2,11680590,삼성2동,0,전체층,,,178562.0,
624,2023,2,11680580,삼성1동,2,1층외,,,314772.0,
625,2023,2,11680580,삼성1동,1,1층,,,124763.0,
626,2023,2,11680580,삼성1동,0,전체층,,,219767.0,
627,2023,2,11680510,신사동,1,1층,,,214497.0,
628,2023,2,11680510,신사동,0,전체층,,,182060.0,
629,2023,2,11680510,신사동,2,1층외,,,149623.0,
630,2023,2,11680640,역삼1동,2,1층외,,,171563.0,
631,2023,2,11680640,역삼1동,0,전체층,,,174346.0,
632,2023,2,11680640,역삼1동,1,1층,,,177129.0,
633,2023,2,11680545,압구정동,2,1층외,,,148691.0,
634,2023,2,11680545,압구정동,0,전체층,,,198719.0,
635,2023,2,11680545,압구정동,1,1층,,,248747.0,
636,2023,2,11680650,역삼2동,1,1층,,,176840.0,
637,2023,2,11680650,역삼2동,0,전체층,,,171316.0,
638,2023,2,11680650,역삼2동,2,1층외,,,165793.0,
639,2023,2,11680670,개포2동,1,1층,,,176496.0,
640,2023,2,11680670,개포2동,0,전체층,,,159730.0,
641,2023,2,11680670,개포2동,2,1층외,,,142964.0,
642,2023,2,11680700,세곡동,2,1층외,,,120514.0,
643,2023,2,11680700,세곡동,1,1층,,,162746.0,
644,2023,2,11680700,세곡동,0,전체층,,,141630.0,
645,2023,2,11680740,일원2동,1,1층,,,,
646,2023,2,11680740,일원2동,0,전체층,,,217933.0,
647,2023,2,11680740,일원2동,2,1층외,,,217933.0,
648,2023,2,11680750,수서동,1,1층,,,,
649,2023,2,11680750,수서동,0,전체층,,,93337.0,
650,2023,2,11680750,수서동,2,1층외,,,93337.0,
651,2023,2,11680521,논현1동,1,1층,,,206568.0,
652,2023,2,11680521,논현1동,0,전체층,,,159312.0,
653,2023,2,11680521,논현1동,2,1층외,,,112056.0,
654,2023,2,11680565,청담동,0,전체층,,,175392.0,
655,2023,2,11680565,청담동,1,1층,,,167342.0,
656,2023,2,11680565,청담동,2,1층외,,,183443.0,
657,2023,2,11680610,대치2동,1,1층,,,198809.0,
658,2023,2,11680610,대치2동,0,전체층,,,173292.0,
659,2023,2,11680610,대치2동,2,1층외,,,147774.0,
660,2023,2,11680660,개포1동,2,1층외,,,,
661,2023,2,11680660,개포1동,0,전체층,,,,
662,2023,2,11680660,개포1동,1,1층,,,,
663,2023,2,11680655,도곡1동,1,1층,,,176079.0,
664,2023,2,11680655,도곡1동,2,1층외,,,148492.0,
665,2023,2,11680655,도곡1동,0,전체층,,,162285.0,
666,2023,2,11680600,대치1동,2,1층외,,,177229.0,
667,2023,2,11680600,대치1동,1,1층,,,305359.0,
668,2023,2,11680600,대치1동,0,전체층,,,241294.0,
669,2023,2,11680656,도곡2동,2,1층외,,,161017.0,
670,2023,2,11680656,도곡2동,1,1층,,,174258.0,
671,2023,2,11680656,도곡2동,0,전체층,,,167638.0,
672,2023,2,11680630,대치4동,2,1층외,,,118087.0,
673,2023,2,11680630,대치4동,1,1층,,,207705.0,
674,2023,2,11680630,대치4동,0,전체층,,,162896.0,
675,2023,2,11680690,개포4동,2,1층외,,,85640.0,
676,2023,2,11680690,개포4동,1,1층,,,90350.0,
677,2023,2,11680690,개포4동,0,전체층,,,87995.0,
678,2023,2,11680720,일원본동,1,1층,,,,
679,2023,2,11680720,일원본동,2,1층외,,,,
680,2023,2,11680720,일원본동,0,전체층,,,,
681,2023,2,11680730,일원1동,1,1층,,,130493.0,
682,2023,2,11680730,일원1동,2,1층외,,,125707.0,
683,2023,2,11680730,일원1동,0,전체층,,,128100.0,
684,2023,2,11620685,신사동,1,1층,,,214497.0,
685,2023,2,11620685,신사동,0,전체층,,,182060.0,
686,2023,2,11620685,신사동,2,1층외,,,149623.0,
687,2023,2,11680531,논현2동,1,1층,,,168654.0,
688,2023,2,11680531,논현2동,2,1층외,,,121501.0,
689,2023,2,11680531,논현2동,0,전체층,,,145078.0,
690,2023,3,11680590,삼성2동,2,1층외,,,190667.0,
691,2023,3,11680590,삼성2동,1,1층,,,158317.0,
692,2023,3,11680590,삼성2동,0,전체층,,,174492.0,
693,2023,3,11680580,삼성1동,2,1층외,,,336801.0,
694,2023,3,11680580,삼성1동,1,1층,,,99286.0,
695,2023,3,11680580,삼성1동,0,전체층,,,218043.0,
696,2023,3,11680510,신사동,1,1층,,,177870.0,
697,2023,3,11680510,신사동,0,전체층,,,159029.0,
698,2023,3,11680510,신사동,2,1층외,,,140188.0,
699,2023,3,11680640,역삼1동,2,1층외,,,158036.0,
700,2023,3,11680640,역삼1동,0,전체층,,,176079.0,
701,2023,3,11680640,역삼1동,1,1층,,,194122.0,
702,2023,3,11680545,압구정동,2,1층외,,,136288.0,
703,2023,3,11680545,압구정동,0,전체층,,,191427.0,
704,2023,3,11680545,압구정동,1,1층,,,246566.0,
705,2023,3,11680650,역삼2동,1,1층,,,164704.0,
706,2023,3,11680650,역삼2동,0,전체층,,,184237.0,
707,2023,3,11680650,역삼2동,2,1층외,,,203769.0,
708,2023,3,11680670,개포2동,1,1층,,,157316.0,
709,2023,3,11680670,개포2동,0,전체층,,,187591.0,
710,2023,3,11680670,개포2동,2,1층외,,,217866.0,
711,2023,3,11680700,세곡동,2,1층외,,,83776.0,
712,2023,3,11680700,세곡동,1,1층,,,155669.0,
713,2023,3,11680700,세곡동,0,전체층,,,119723.0,
714,2023,3,11680740,일원2동,1,1층,,,,
715,2023,3,11680740,일원2동,0,전체층,,,251526.0,
716,2023,3,11680740,일원2동,2,1층외,,,251526.0,
717,2023,3,11680750,수서동,1,1층,,,146166.0,
718,2023,3,11680750,수서동,0,전체층,,,126264.0,
719,2023,3,11680750,수서동,2,1층외,,,106362.0,
720,2023,3,11680521,논현1동,1,1층,,,217008.0,
721,2023,3,11680521,논현1동,0,전체층,,,164182.0,
722,2023,3,11680521,논현1동,2,1층외,,,111355.0,
723,2023,3,11680565,청담동,0,전체층,,,177110.0,
724,2023,3,11680565,청담동,1,1층,,,168898.0,
725,2023,3,11680565,청담동,2,1층외,,,185322.0,
726,2023,3,11680610,대치2동,1,1층,,,162389.0,
727,2023,3,11680610,대치2동,0,전체층,,,150218.0,
728,2023,3,11680610,대치2동,2,1층외,,,138046.0,
729,2023,3,11680660,개포1동,2,1층외,,,,
730,2023,3,11680660,개포1동,0,전체층,,,,
731,2023,3,11680660,개포1동,1,1층,,,,
732,2023,3,11680655,도곡1동,1,1층,,,177849.0,
733,2023,3,11680655,도곡1동,2,1층외,,,110374.0,
734,2023,3,11680655,도곡1동,0,전체층,,,144111.0,
735,2023,3,11680600,대치1동,2,1층외,,,189335.0,
736,2023,3,11680600,대치1동,1,1층,,,305810.0,
737,2023,3,11680600,대치1동,0,전체층,,,247573.0,
738,2023,3,11680656,도곡2동,2,1층외,,,201149.0,
739,2023,3,11680656,도곡2동,1,1층,,,200019.0,
740,2023,3,11680656,도곡2동,0,전체층,,,200584.0,
741,2023,3,11680630,대치4동,2,1층외,,,125031.0,
742,2023,3,11680630,대치4동,1,1층,,,195400.0,
743,2023,3,11680630,대치4동,0,전체층,,,160216.0,
744,2023,3,11680690,개포4동,2,1층외,,,69099.0,
745,2023,3,11680690,개포4동,1,1층,,,118846.0,
746,2023,3,11680690,개포4동,0,전체층,,,93972.0,
747,2023,3,11680720,일원본동,1,1층,,,,
748,2023,3,11680720,일원본동,2,1층외,,,,
749,2023,3,11680720,일원본동,0,전체층,,,,
750,2023,3,11680730,일원1동,1,1층,,,114004.0,
751,2023,3,11680730,일원1동,2,1층외,,,84735.0,
752,2023,3,11680730,일원1동,0,전체층,,,99370.0,
753,2023,3,11620685,신사동,1,1층,,,177870.0,
754,2023,3,11620685,신사동,0,전체층,,,159029.0,
755,2023,3,11620685,신사동,2,1층외,,,140188.0,
756,2023,3,11680531,논현2동,1,1층,,,160138.0,
757,2023,3,11680531,논현2동,2,1층외,,,122173.0,
758,2023,3,11680531,논현2동,0,전체층,,,141155.0,
